trial,testing,parameters,initial_deadline,final_deadline,net_reward,actions,success
1,False,"{'a': 0.5, 'e': 0.5403023058681398}",30,0,-158.4655602448904,"{0: 19, 1: 2, 2: 4, 3: 3, 4: 2}",0
2,False,"{'a': 0.5, 'e': 0.0707372016677029}",25,0,-117.79342607054444,"{0: 19, 1: 0, 2: 2, 3: 2, 4: 2}",0
3,False,"{'a': 0.5, 'e': 0.4161468365471424}",25,9,-27.631520261100434,"{0: 12, 1: 1, 2: 2, 3: 1, 4: 0}",1
4,False,"{'a': 0.5, 'e': 0.8011436155469337}",25,3,2.68522515912042,"{0: 19, 1: 0, 2: 3, 3: 0, 4: 0}",1
5,False,"{'a': 0.5, 'e': 0.9899924966004454}",25,0,-145.04653430925782,"{0: 15, 1: 0, 2: 6, 3: 3, 4: 1}",0
6,False,"{'a': 0.5, 'e': 0.9364566872907963}",25,0,-55.75211479743049,"{0: 17, 1: 1, 2: 7, 3: 0, 4: 0}",0
7,False,"{'a': 0.5, 'e': 0.6536436208636119}",30,0,-163.57260148743083,"{0: 21, 1: 0, 2: 5, 3: 1, 4: 3}",0
8,False,"{'a': 0.5, 'e': 0.2107957994307797}",20,4,-14.223226910613008,"{0: 12, 1: 1, 2: 3, 3: 0, 4: 0}",1
9,False,"{'a': 0.5, 'e': 0.28366218546322625}",20,0,-17.368213289818573,"{0: 17, 1: 1, 2: 1, 3: 1, 4: 0}",0
10,False,"{'a': 0.5, 'e': 0.70866977429126}",20,0,-47.255925962199925,"{0: 12, 1: 3, 2: 5, 3: 0, 4: 0}",0
11,False,"{'a': 0.5, 'e': 0.960170286650366}",20,6,-67.07510091499954,"{0: 8, 1: 2, 2: 3, 3: 0, 4: 1}",1
12,False,"{'a': 0.5, 'e': 0.9765876257280235}",20,0,-122.4894493913801,"{0: 13, 1: 1, 2: 3, 3: 1, 4: 2}",0
13,False,"{'a': 0.5, 'e': 0.7539022543433046}",25,0,-163.83379127136928,"{0: 15, 1: 1, 2: 6, 3: 0, 4: 3}",0
14,False,"{'a': 0.5, 'e': 0.3466353178350258}",25,10,18.95697916903018,"{0: 14, 1: 0, 2: 1, 3: 0, 4: 0}",1
15,False,"{'a': 0.5, 'e': 0.14550003380861354}",35,13,39.18945587428822,"{0: 22, 1: 0, 2: 0, 3: 0, 4: 0}",1
16,False,"{'a': 0.5, 'e': 0.6020119026848236}",30,8,-29.84257845539622,"{0: 19, 1: 0, 2: 2, 3: 0, 4: 1}",1
17,False,"{'a': 0.5, 'e': 0.9111302618846769}",25,0,-189.12567020819515,"{0: 15, 1: 4, 2: 1, 3: 1, 4: 4}",0
18,False,"{'a': 0.5, 'e': 0.9971721561963784}",30,0,-280.3247767756472,"{0: 16, 1: 2, 2: 5, 3: 2, 4: 5}",0
19,False,"{'a': 0.5, 'e': 0.8390715290764524}",20,0,-26.30469424697556,"{0: 15, 1: 3, 2: 1, 3: 1, 4: 0}",0
20,False,"{'a': 0.5, 'e': 0.4755369279959925}",30,8,-24.7480306896026,"{0: 18, 1: 0, 2: 3, 3: 1, 4: 0}",1
21,False,"{'a': 0.5, 'e': 0.004425697988050785}",20,13,15.088143213024116,"{0: 7, 1: 0, 2: 0, 3: 0, 4: 0}",1
22,False,"{'a': 0.5, 'e': 0.4833047587530059}",30,0,-53.862061318489744,"{0: 23, 1: 2, 2: 3, 3: 2, 4: 0}",0
23,False,"{'a': 0.5, 'e': 0.8438539587324921}",25,0,-116.11897637501883,"{0: 15, 1: 5, 2: 3, 3: 0, 4: 2}",0
24,False,"{'a': 0.5, 'e': 0.9977982791785807}",25,0,-174.6826254098735,"{0: 15, 1: 2, 2: 4, 3: 1, 4: 3}",0
25,False,"{'a': 0.5, 'e': 0.9074467814501962}",20,0,-66.41048928162442,"{0: 12, 1: 5, 2: 2, 3: 0, 4: 1}",0
26,False,"{'a': 0.5, 'e': 0.594920663309892}",30,0,-188.47290912954,"{0: 20, 1: 4, 2: 1, 3: 1, 4: 4}",0
27,False,"{'a': 0.5, 'e': 0.1367372182078336}",20,6,20.097004571164923,"{0: 14, 1: 0, 2: 0, 3: 0, 4: 0}",1
28,False,"{'a': 0.5, 'e': 0.354924266788705}",25,10,-83.91361325370666,"{0: 11, 1: 0, 2: 2, 3: 0, 4: 2}",1
29,False,"{'a': 0.5, 'e': 0.7596879128588213}",20,0,-53.26054467272297,"{0: 15, 1: 0, 2: 4, 3: 0, 4: 1}",0
30,False,"{'a': 0.5, 'e': 0.9784534628188842}",30,0,-174.78158911658136,"{0: 17, 1: 2, 2: 6, 3: 4, 4: 1}",0
31,False,"{'a': 0.5, 'e': 0.9576594803233847}",25,0,-69.02150286572703,"{0: 19, 1: 2, 2: 2, 3: 1, 4: 1}",0
32,False,"{'a': 0.5, 'e': 0.7023970575027135}",25,0,-100.77140007144465,"{0: 18, 1: 2, 2: 2, 3: 1, 4: 2}",0
33,False,"{'a': 0.5, 'e': 0.27516333805159693}",20,0,-3.857015429623905,"{0: 17, 1: 0, 2: 3, 3: 0, 4: 0}",0
34,False,"{'a': 0.5, 'e': 0.2194399632114593}",25,18,13.759123585960674,"{0: 7, 1: 0, 2: 0, 3: 0, 4: 0}",1
35,False,"{'a': 0.5, 'e': 0.6603167082440802}",25,0,-79.96022193078922,"{0: 20, 1: 0, 2: 3, 3: 0, 4: 2}",0
36,False,"{'a': 0.5, 'e': 0.939524893748256}",20,9,-52.028737982305536,"{0: 6, 1: 0, 2: 4, 3: 1, 4: 0}",1
37,False,"{'a': 0.5, 'e': 0.9887046181866692}",20,0,-45.065872251825105,"{0: 13, 1: 2, 2: 5, 3: 0, 4: 0}",0
38,False,"{'a': 0.5, 'e': 0.7958149698139441}",25,0,-24.915113009989472,"{0: 18, 1: 4, 2: 3, 3: 0, 4: 0}",0
39,False,"{'a': 0.5, 'e': 0.40808206181339196}",20,3,-20.87885604925025,"{0: 15, 1: 1, 2: 0, 3: 0, 4: 1}",1
40,False,"{'a': 0.5, 'e': 0.07956356727854007}",20,13,1.7195542477601398,"{0: 6, 1: 0, 2: 1, 3: 0, 4: 0}",1
41,False,"{'a': 0.5, 'e': 0.5477292602242684}",25,0,-42.37002829544477,"{0: 20, 1: 2, 2: 2, 3: 0, 4: 1}",0
42,False,"{'a': 0.5, 'e': 0.8817917275413242}",35,0,-118.68102154547056,"{0: 23, 1: 3, 2: 7, 3: 1, 4: 1}",0
43,False,"{'a': 0.5, 'e': 0.9999608263946371}",25,0,-103.79319468832696,"{0: 19, 1: 1, 2: 2, 3: 1, 4: 2}",0
44,False,"{'a': 0.5, 'e': 0.8733046400935156}",25,0,-206.80478070485378,"{0: 13, 1: 3, 2: 5, 3: 0, 4: 4}",0
45,False,"{'a': 0.5, 'e': 0.5328330203333975}",20,0,-61.34344559365773,"{0: 15, 1: 0, 2: 4, 3: 0, 4: 1}",0
46,False,"{'a': 0.5, 'e': 0.061905293994420546}",20,12,15.730216650110547,"{0: 8, 1: 0, 2: 0, 3: 0, 4: 0}",1
47,False,"{'a': 0.5, 'e': 0.424179007336997}",30,6,-4.2041729228539255,"{0: 21, 1: 1, 2: 1, 3: 1, 4: 0}",1
48,False,"{'a': 0.5, 'e': 0.8064094939122546}",35,0,-112.7827917108861,"{0: 26, 1: 1, 2: 6, 3: 0, 4: 2}",0
49,False,"{'a': 0.5, 'e': 0.9912028118634736}",25,0,-124.53612781722347,"{0: 15, 1: 4, 2: 4, 3: 0, 4: 2}",0
50,False,"{'a': 0.5, 'e': 0.933315112063922}",20,0,-134.22628927566444,"{0: 10, 1: 2, 2: 6, 3: 0, 4: 2}",0
51,False,"{'a': 0.5, 'e': 0.6469193223286404}",20,0,-73.60592891101133,"{0: 14, 1: 0, 2: 5, 3: 0, 4: 1}",0
52,False,"{'a': 0.5, 'e': 0.20213512038718198}",25,0,12.66321490637843,"{0: 23, 1: 1, 2: 1, 3: 0, 4: 0}",0
53,False,"{'a': 0.5, 'e': 0.2921388087338362}",25,0,-14.450214862201076,"{0: 23, 1: 0, 2: 1, 3: 0, 4: 1}",0
54,False,"{'a': 0.5, 'e': 0.7148869687796651}",30,0,-140.46744379628714,"{0: 18, 1: 3, 2: 7, 3: 0, 4: 2}",0
55,False,"{'a': 0.5, 'e': 0.9626058663135666}",20,6,-63.67791622642296,"{0: 9, 1: 1, 2: 3, 3: 0, 4: 1}",1
56,False,"{'a': 0.5, 'e': 0.9746452757206577}",20,0,-112.8143883390206,"{0: 10, 1: 4, 2: 3, 3: 2, 4: 1}",0
57,False,"{'a': 0.5, 'e': 0.7480575296890004}",25,0,-97.06356584469209,"{0: 15, 1: 2, 2: 5, 3: 3, 4: 0}",0
58,False,"{'a': 0.5, 'e': 0.3383192109710552}",20,2,-12.81416576906655,"{0: 17, 1: 0, 2: 0, 3: 0, 4: 1}",1
59,False,"{'a': 0.5, 'e': 0.15425144988758405}",20,0,11.433989934926256,"{0: 18, 1: 1, 2: 1, 3: 0, 4: 0}",0
60,False,"{'a': 0.5, 'e': 0.6090559761063562}",20,0,-18.929843945615243,"{0: 17, 1: 0, 2: 2, 3: 1, 4: 0}",0
61,False,"{'a': 0.5, 'e': 0.9147423578045313}",20,0,-61.412649607429444,"{0: 12, 1: 2, 2: 6, 3: 0, 4: 0}",0
62,False,"{'a': 0.5, 'e': 0.9964679075571249}",20,0,-70.50964802798914,"{0: 14, 1: 1, 2: 4, 3: 0, 4: 1}",0
63,False,"{'a': 0.5, 'e': 0.8342233605065102}",20,0,-27.712003707098223,"{0: 17, 1: 0, 2: 1, 3: 2, 4: 0}",0
64,False,"{'a': 0.5, 'e': 0.4677318402470736}",20,7,-19.826407021845636,"{0: 9, 1: 1, 2: 3, 3: 0, 4: 0}",1
65,False,"{'a': 0.5, 'e': 0.013276747223059479}",35,18,9.172057268826077,"{0: 16, 1: 0, 2: 0, 3: 1, 4: 0}",1
66,False,"{'a': 0.5, 'e': 0.49103472393024045}",25,3,-57.049969508613366,"{0: 16, 1: 2, 2: 3, 3: 0, 4: 1}",1
67,False,"{'a': 0.5, 'e': 0.8485702747846052}",25,0,-25.59283427084301,"{0: 20, 1: 1, 2: 4, 3: 0, 4: 0}",0
68,False,"{'a': 0.5, 'e': 0.9983462274487422}",20,0,-65.95011782882419,"{0: 15, 1: 1, 2: 2, 3: 1, 4: 1}",0
69,False,"{'a': 0.5, 'e': 0.9036922050915067}",20,0,-150.95584369430486,"{0: 10, 1: 2, 2: 5, 3: 1, 4: 2}",0
70,False,"{'a': 0.5, 'e': 0.587782813560387}",20,0,-14.429890032742264,"{0: 16, 1: 1, 2: 3, 3: 0, 4: 0}",0
71,False,"{'a': 0.5, 'e': 0.12796368962740468}",20,6,-17.555636406590143,"{0: 13, 1: 0, 2: 0, 3: 0, 4: 1}",1
72,False,"{'a': 0.5, 'e': 0.36318540841606234}",30,9,-6.472710469645699,"{0: 18, 1: 1, 2: 1, 3: 1, 4: 0}",1
73,False,"{'a': 0.5, 'e': 0.7654140519453433}",20,0,-73.712651991584,"{0: 15, 1: 0, 2: 3, 3: 1, 4: 1}",0
74,False,"{'a': 0.5, 'e': 0.9802426408101081}",25,0,-261.85504809554203,"{0: 11, 1: 0, 2: 8, 3: 2, 4: 4}",0
75,False,"{'a': 0.5, 'e': 0.9550736440472949}",20,0,-187.8200230992348,"{0: 11, 1: 0, 2: 4, 3: 2, 4: 3}",0
76,False,"{'a': 0.5, 'e': 0.6960693098638897}",30,0,-134.03720110140222,"{0: 21, 1: 2, 2: 3, 3: 2, 4: 2}",0
77,False,"{'a': 0.5, 'e': 0.26664293235993725}",30,8,-64.57343605320028,"{0: 17, 1: 0, 2: 3, 3: 1, 4: 1}",1
78,False,"{'a': 0.5, 'e': 0.22806693448309956}",20,11,-5.088437029074017,"{0: 7, 1: 0, 2: 2, 3: 0, 4: 0}",1
79,False,"{'a': 0.5, 'e': 0.6669380616522619}",20,0,-64.48323081369361,"{0: 11, 1: 4, 2: 4, 3: 1, 4: 0}",0
80,False,"{'a': 0.5, 'e': 0.9425194910508831}",25,0,-149.52959101135892,"{0: 15, 1: 1, 2: 5, 3: 2, 4: 2}",0
81,False,"{'a': 0.5, 'e': 0.9873392775238264}",30,11,-111.880734400219,"{0: 9, 1: 1, 2: 6, 3: 3, 4: 0}",1
82,False,"{'a': 0.5, 'e': 0.7904239741978156}",20,9,-57.74112123748272,"{0: 8, 1: 0, 2: 1, 3: 1, 4: 1}",1
83,False,"{'a': 0.5, 'e': 0.39998531498835127}",35,13,-22.72596232973659,"{0: 17, 1: 0, 2: 5, 3: 0, 4: 0}",1
84,False,"{'a': 0.5, 'e': 0.08838369930580554}",20,0,-49.50632548216785,"{0: 18, 1: 0, 2: 0, 3: 0, 4: 2}",0
85,False,"{'a': 0.5, 'e': 0.5551133015206257}",30,0,-156.8260997910689,"{0: 21, 1: 1, 2: 4, 3: 1, 4: 3}",0
86,False,"{'a': 0.5, 'e': 0.8859318072699817}",20,0,-70.11093800549801,"{0: 13, 1: 2, 2: 4, 3: 0, 4: 1}",0
87,False,"{'a': 0.5, 'e': 0.9998433086476912}",25,0,-193.42171402307665,"{0: 14, 1: 1, 2: 6, 3: 1, 4: 3}",0
88,False,"{'a': 0.5, 'e': 0.8689582973139933}",30,0,-140.82931876740642,"{0: 18, 1: 4, 2: 6, 3: 0, 4: 2}",0
89,False,"{'a': 0.5, 'e': 0.5253219888177297}",20,0,-17.376452850675506,"{0: 16, 1: 2, 2: 1, 3: 1, 4: 0}",0
90,False,"{'a': 0.5, 'e': 0.05306853621402457}",30,16,-0.1895853148850577,"{0: 13, 1: 0, 2: 0, 3: 1, 4: 0}",1
91,False,"{'a': 0.5, 'e': 0.4321779448847783}",20,0,19.91167970101696,"{0: 20, 1: 0, 2: 0, 3: 0, 4: 0}",0
92,False,"{'a': 0.5, 'e': 0.8116121923430246}",25,6,-82.8185886597399,"{0: 12, 1: 2, 2: 3, 3: 1, 4: 1}",1
93,False,"{'a': 0.5, 'e': 0.9923354691509287}",20,0,-0.4234491598196153,"{0: 16, 1: 3, 2: 1, 3: 0, 4: 0}",0
94,False,"{'a': 0.5, 'e': 0.9301004142012892}",25,0,-234.98009061802114,"{0: 13, 1: 0, 2: 6, 3: 2, 4: 4}",0
95,False,"{'a': 0.5, 'e': 0.6401443394691997}",30,0,-66.90782225803574,"{0: 22, 1: 2, 2: 5, 3: 0, 4: 1}",0
96,False,"{'a': 0.5, 'e': 0.1934586046207122}",25,13,-20.254485292736515,"{0: 11, 1: 0, 2: 0, 3: 0, 4: 1}",1
97,False,"{'a': 0.5, 'e': 0.3005925437436371}",25,0,-47.79571074347271,"{0: 20, 1: 3, 2: 0, 3: 1, 4: 1}",0
98,False,"{'a': 0.5, 'e': 0.7210481538680822}",25,0,-75.70908846060317,"{0: 18, 1: 1, 2: 5, 3: 0, 4: 1}",0
99,False,"{'a': 0.5, 'e': 0.9649660284921133}",20,0,-154.2943786837528,"{0: 11, 1: 1, 2: 3, 3: 3, 4: 2}",0
100,False,"{'a': 0.5, 'e': 0.9726265649744922}",25,0,-90.50529062449752,"{0: 17, 1: 0, 2: 5, 3: 3, 4: 0}",0
101,False,"{'a': 0.5, 'e': 0.7421541968137826}",20,0,-80.33712671423783,"{0: 12, 1: 3, 2: 4, 3: 0, 4: 1}",0
102,False,"{'a': 0.5, 'e': 0.32997659774057014}",25,15,2.8978731573036813,"{0: 9, 1: 0, 2: 1, 3: 0, 4: 0}",1
103,False,"{'a': 0.5, 'e': 0.16299078079570548}",30,13,37.102468625517446,"{0: 17, 1: 0, 2: 0, 3: 0, 4: 0}",1
104,False,"{'a': 0.5, 'e': 0.616052331690985}",30,3,-0.41510305152169624,"{0: 22, 1: 3, 2: 2, 3: 0, 4: 0}",1
105,False,"{'a': 0.5, 'e': 0.9182827862121189}",20,8,-2.5577233278711153,"{0: 10, 1: 0, 2: 2, 3: 0, 4: 0}",1
106,False,"{'a': 0.5, 'e': 0.9956855884367365}",30,0,-169.90920974071466,"{0: 18, 1: 2, 2: 7, 3: 0, 4: 3}",0
107,False,"{'a': 0.5, 'e': 0.8293098328631502}",25,0,-107.51948384093487,"{0: 17, 1: 4, 2: 1, 3: 1, 4: 2}",0
108,False,"{'a': 0.5, 'e': 0.4598901070131037}",20,6,-62.25541277942508,"{0: 10, 1: 0, 2: 2, 3: 1, 4: 1}",1
109,False,"{'a': 0.5, 'e': 0.022126756261955736}",25,0,45.37107210992175,"{0: 25, 1: 0, 2: 0, 3: 0, 4: 0}",0
110,False,"{'a': 0.5, 'e': 0.49872621790648564}",20,0,2.5158046930939335,"{0: 17, 1: 1, 2: 2, 3: 0, 4: 0}",0
111,False,"{'a': 0.5, 'e': 0.853220107722584}",20,0,-113.10997506670087,"{0: 12, 1: 2, 2: 4, 3: 0, 4: 2}",0
112,False,"{'a': 0.5, 'e': 0.9988159580766447}",20,0,-120.17066566567544,"{0: 11, 1: 3, 2: 4, 3: 0, 4: 2}",0
113,False,"{'a': 0.5, 'e': 0.8998668269691938}",20,0,-266.50337663536965,"{0: 10, 1: 0, 2: 4, 3: 0, 4: 6}",1
114,False,"{'a': 0.5, 'e': 0.580598912666927}",20,0,-108.39355191453477,"{0: 15, 1: 1, 2: 1, 3: 0, 4: 3}",0
115,False,"{'a': 0.5, 'e': 0.11918013544881928}",20,13,1.138175262952091,"{0: 6, 1: 0, 2: 1, 3: 0, 4: 0}",1
116,False,"{'a': 0.5, 'e': 0.37141809547969407}",20,6,-9.732547784241168,"{0: 12, 1: 0, 2: 1, 3: 1, 4: 0}",1
117,False,"{'a': 0.5, 'e': 0.7710802229758452}",20,0,-174.52669334924158,"{0: 12, 1: 1, 2: 1, 3: 3, 4: 3}",0
118,False,"{'a': 0.5, 'e': 0.9819550195245901}",25,0,-116.67608907034153,"{0: 15, 1: 1, 2: 7, 3: 1, 4: 1}",0
119,False,"{'a': 0.5, 'e': 0.9524129804151563}",25,0,-116.45932567385765,"{0: 14, 1: 3, 2: 6, 3: 1, 4: 1}",0
120,False,"{'a': 0.5, 'e': 0.6896870271361664}",30,0,-109.94170445602533,"{0: 22, 1: 1, 2: 4, 3: 1, 4: 2}",0
121,False,"{'a': 0.5, 'e': 0.25810163593826746}",20,15,6.849914542230977,"{0: 5, 1: 0, 2: 0, 3: 0, 4: 0}",1
122,False,"{'a': 0.5, 'e': 0.23667603734656428}",25,11,19.199268919716726,"{0: 13, 1: 1, 2: 0, 3: 0, 4: 0}",1
123,False,"{'a': 0.5, 'e': 0.6735071623235862}",20,6,-11.160846281583185,"{0: 11, 1: 0, 2: 3, 3: 0, 4: 0}",1
124,False,"{'a': 0.5, 'e': 0.9454402445803316}",25,0,-120.08392014587835,"{0: 16, 1: 4, 2: 2, 3: 1, 4: 2}",0
125,False,"{'a': 0.5, 'e': 0.9858965815825497}",20,11,9.978145000494626,"{0: 8, 1: 1, 2: 0, 3: 0, 4: 0}",1
126,False,"{'a': 0.5, 'e': 0.784971051068018}",20,0,-48.50970809428765,"{0: 15, 1: 2, 2: 2, 3: 0, 4: 1}",0
127,False,"{'a': 0.5, 'e': 0.39185723042955}",25,0,-33.27615015070789,"{0: 22, 1: 1, 2: 0, 3: 1, 4: 1}",0
128,False,"{'a': 0.5, 'e': 0.0971969067167568}",20,3,28.86675301358423,"{0: 17, 1: 0, 2: 0, 3: 0, 4: 0}",1
129,False,"{'a': 0.5, 'e': 0.562453851238172}",20,0,-19.48649912524261,"{0: 16, 1: 0, 2: 4, 3: 0, 4: 0}",0
130,False,"{'a': 0.5, 'e': 0.8900024767126464}",20,0,-136.90959976354958,"{0: 13, 1: 0, 2: 3, 3: 2, 4: 2}",0
131,False,"{'a': 0.5, 'e': 0.99964745596635}",20,0,-72.60069398313505,"{0: 14, 1: 1, 2: 4, 3: 0, 4: 1}",0
132,False,"{'a': 0.5, 'e': 0.8645438740756395}",30,0,-22.076328576018753,"{0: 23, 1: 4, 2: 3, 3: 0, 4: 0}",0
133,False,"{'a': 0.5, 'e': 0.5177697997895051}",25,0,2.0358038297187484,"{0: 23, 1: 0, 2: 2, 3: 0, 4: 0}",1
134,False,"{'a': 0.5, 'e': 0.04422762066183892}",20,12,13.07797660685049,"{0: 8, 1: 0, 2: 0, 3: 0, 4: 0}",1
135,False,"{'a': 0.5, 'e': 0.4401430224960407}",30,0,-130.45932487571002,"{0: 23, 1: 1, 2: 2, 3: 1, 4: 3}",0
136,False,"{'a': 0.5, 'e': 0.8167513032223336}",20,0,-159.26574691962418,"{0: 10, 1: 2, 2: 4, 3: 2, 4: 2}",0
137,False,"{'a': 0.5, 'e': 0.9933903797222716}",20,0,-77.23267718627143,"{0: 12, 1: 2, 2: 4, 3: 2, 4: 0}",0
138,False,"{'a': 0.5, 'e': 0.926812845565509}",25,0,-99.04673543915959,"{0: 15, 1: 3, 2: 6, 3: 0, 4: 1}",0
139,False,"{'a': 0.5, 'e': 0.6333192030862999}",25,0,-69.54611832676555,"{0: 18, 1: 1, 2: 5, 3: 0, 4: 1}",0
140,False,"{'a': 0.5, 'e': 0.18476693191217952}",20,6,8.754737137404163,"{0: 12, 1: 1, 2: 1, 3: 0, 4: 0}",1
141,False,"{'a': 0.5, 'e': 0.3090227281660707}",20,14,8.87966634063747,"{0: 6, 1: 0, 2: 0, 3: 0, 4: 0}",1
142,False,"{'a': 0.5, 'e': 0.7271528468448446}",25,0,-85.07000072982927,"{0: 15, 1: 5, 2: 4, 3: 0, 4: 1}",0
143,False,"{'a': 0.5, 'e': 0.9672505882738824}",20,0,-65.58466274643305,"{0: 12, 1: 0, 2: 8, 3: 0, 4: 0}",0
144,False,"{'a': 0.5, 'e': 0.9705316516498831}",30,0,-120.30714122365427,"{0: 18, 1: 3, 2: 6, 3: 3, 4: 0}",0
145,False,"{'a': 0.5, 'e': 0.7361927182273159}",30,0,-80.94402053875268,"{0: 22, 1: 2, 2: 5, 3: 0, 4: 1}",0
146,False,"{'a': 0.5, 'e': 0.32160813176404734}",25,0,-4.0138971131168315,"{0: 21, 1: 1, 2: 3, 3: 0, 4: 0}",0
147,False,"{'a': 0.5, 'e': 0.17171734183077755}",25,4,22.19387995815985,"{0: 20, 1: 0, 2: 1, 3: 0, 4: 0}",1
148,False,"{'a': 0.5, 'e': 0.6230004212937645}",25,0,-154.33421261122223,"{0: 17, 1: 0, 2: 4, 3: 1, 4: 3}",0
149,False,"{'a': 0.5, 'e': 0.9217512697247493}",20,0,-116.86241519932611,"{0: 10, 1: 2, 2: 4, 3: 4, 4: 0}",0
150,False,"{'a': 0.5, 'e': 0.9948252601277343}",20,0,-181.35226721062114,"{0: 11, 1: 4, 2: 1, 3: 0, 4: 4}",0
151,False,"{'a': 0.5, 'e': 0.8243313311075577}",30,0,-121.66377699654507,"{0: 17, 1: 4, 2: 6, 3: 3, 4: 0}",0
152,False,"{'a': 0.5, 'e': 0.45201234267200896}",25,0,-41.586968902863724,"{0: 19, 1: 0, 2: 5, 3: 1, 4: 0}",0
153,False,"{'a': 0.5, 'e': 0.03097503173121646}",25,10,28.268922898114567,"{0: 15, 1: 0, 2: 0, 3: 0, 4: 0}",1
154,False,"{'a': 0.5, 'e': 0.506378638074642}",30,0,-16.290472511396707,"{0: 27, 1: 1, 2: 1, 3: 0, 4: 1}",0
155,False,"{'a': 0.5, 'e': 0.8578030932449878}",25,0,-82.47064301660562,"{0: 19, 1: 0, 2: 4, 3: 1, 4: 1}",0
156,False,"{'a': 0.5, 'e': 0.9992074342602034}",20,0,-171.27912891203857,"{0: 11, 1: 1, 2: 4, 3: 1, 4: 3}",0
157,False,"{'a': 0.5, 'e': 0.8959709467909631}",30,1,-132.15868205655192,"{0: 17, 1: 2, 2: 8, 3: 1, 4: 1}",1
158,False,"{'a': 0.5, 'e': 0.5733695234681091}",25,0,-52.801187933825915,"{0: 18, 1: 1, 2: 5, 3: 1, 4: 0}",0
159,False,"{'a': 0.5, 'e': 0.11038724383904756}",35,18,31.573311288782566,"{0: 17, 1: 0, 2: 0, 3: 0, 4: 0}",1
160,False,"{'a': 0.5, 'e': 0.37962168297153187}",20,10,-70.95273951891491,"{0: 6, 1: 0, 2: 2, 3: 1, 4: 1}",1
161,False,"{'a': 0.5, 'e': 0.7766859820216312}",30,4,-93.33145744587205,"{0: 17, 1: 6, 2: 1, 3: 0, 4: 2}",1
162,False,"{'a': 0.5, 'e': 0.9835904648022342}",25,0,-54.23964795472528,"{0: 19, 1: 3, 2: 2, 3: 0, 4: 1}",0
163,False,"{'a': 0.5, 'e': 0.9496776978825432}",30,0,-9.398054893735132,"{0: 25, 1: 3, 2: 2, 3: 0, 4: 0}",0
164,False,"{'a': 0.5, 'e': 0.6832507093535931}",20,2,-40.69675432297815,"{0: 14, 1: 0, 2: 2, 3: 2, 4: 0}",1
165,False,"{'a': 0.5, 'e': 0.24954011797333814}",25,5,21.549647584366355,"{0: 19, 1: 0, 2: 1, 3: 0, 4: 0}",1
166,False,"{'a': 0.5, 'e': 0.24526659730265726}",20,12,14.366578891304142,"{0: 8, 1: 0, 2: 0, 3: 0, 4: 0}",1
167,False,"{'a': 0.5, 'e': 0.6800234955873388}",25,7,-96.79751826445363,"{0: 13, 1: 1, 2: 1, 3: 1, 4: 2}",1
168,False,"{'a': 0.5, 'e': 0.9482869255037094}",30,0,-126.9930100831969,"{0: 22, 1: 3, 2: 0, 3: 3, 4: 2}",0
169,False,"{'a': 0.5, 'e': 0.9843766433940419}",20,0,-164.00684157162482,"{0: 9, 1: 1, 2: 7, 3: 1, 4: 2}",0
170,False,"{'a': 0.5, 'e': 0.7794566276458688}",30,13,-41.47827738838727,"{0: 13, 1: 1, 2: 2, 3: 0, 4: 1}",1
171,False,"{'a': 0.5, 'e': 0.38369844494974187}",20,3,-72.12602581506562,"{0: 13, 1: 0, 2: 1, 3: 2, 4: 1}",1
172,False,"{'a': 0.5, 'e': 0.10600249902117563}",20,13,13.34165010569286,"{0: 7, 1: 0, 2: 0, 3: 0, 4: 0}",1
173,False,"{'a': 0.5, 'e': 0.569750334265312}",25,9,-59.03258722569155,"{0: 11, 1: 0, 2: 4, 3: 0, 4: 1}",1
174,False,"{'a': 0.5, 'e': 0.8940034169437217}",30,3,-134.27627213440175,"{0: 18, 1: 1, 2: 3, 3: 4, 4: 1}",1
175,False,"{'a': 0.5, 'e': 0.9993732836951247}",30,0,-96.78667475045036,"{0: 21, 1: 3, 2: 3, 3: 2, 4: 1}",0
176,False,"{'a': 0.5, 'e': 0.8600617162362019}",25,0,-156.35497620087895,"{0: 12, 1: 2, 2: 8, 3: 2, 4: 1}",0
177,False,"{'a': 0.5, 'e': 0.5101770449416689}",25,0,-24.48429990616468,"{0: 20, 1: 1, 2: 3, 3: 1, 4: 0}",0
178,False,"{'a': 0.5, 'e': 0.03538323999893738}",20,0,24.831788482761617,"{0: 20, 1: 0, 2: 0, 3: 0, 4: 0}",0
179,False,"{'a': 0.5, 'e': 0.4480736161291701}",30,0,-67.84541419415994,"{0: 24, 1: 1, 2: 2, 3: 2, 4: 1}",0
180,False,"{'a': 0.5, 'e': 0.8218264239151786}",20,0,-61.54540418241423,"{0: 13, 1: 2, 2: 3, 3: 2, 4: 0}",0
181,False,"{'a': 0.5, 'e': 0.9943674609282015}",20,0,-81.7432094600714,"{0: 11, 1: 2, 2: 6, 3: 1, 4: 0}",0
182,False,"{'a': 0.5, 'e': 0.9234526637284138}",25,0,-118.17472424649908,"{0: 16, 1: 0, 2: 6, 3: 2, 4: 1}",0
183,False,"{'a': 0.5, 'e': 0.626444447910339}",20,0,-110.11428597908426,"{0: 12, 1: 3, 2: 3, 3: 0, 4: 2}",0
184,False,"{'a': 0.5, 'e': 0.17606078322989716}",30,23,12.03213599787425,"{0: 7, 1: 0, 2: 0, 3: 0, 4: 0}",1
185,False,"{'a': 0.5, 'e': 0.31742870151970165}",25,11,27.248005378897112,"{0: 14, 1: 0, 2: 0, 3: 0, 4: 0}",1
186,False,"{'a': 0.5, 'e': 0.7332005694242856}",20,1,-102.37640996513657,"{0: 13, 1: 2, 2: 2, 3: 0, 4: 2}",1
187,False,"{'a': 0.5, 'e': 0.9694593666699876}",25,0,-159.56456989146506,"{0: 15, 1: 2, 2: 3, 3: 3, 4: 2}",0
188,False,"{'a': 0.5, 'e': 0.9683606998774463}",30,0,-129.61506910923805,"{0: 16, 1: 7, 2: 4, 3: 2, 4: 1}",0
189,False,"{'a': 0.5, 'e': 0.7301735609948197}",25,1,-54.25941841291653,"{0: 19, 1: 0, 2: 4, 3: 0, 4: 1}",1
190,False,"{'a': 0.5, 'e': 0.31321446868745406}",30,16,16.46279841803054,"{0: 13, 1: 0, 2: 1, 3: 0, 4: 0}",1
191,False,"{'a': 0.5, 'e': 0.18043044929108396}",20,15,-0.09657388125393984,"{0: 4, 1: 0, 2: 1, 3: 0, 4: 0}",1
192,False,"{'a': 0.5, 'e': 0.6298997005512549}",20,0,-132.1961271900066,"{0: 13, 1: 2, 2: 2, 3: 0, 4: 3}",0
193,False,"{'a': 0.5, 'e': 0.9251475365964139}",20,0,-31.32732883625414,"{0: 14, 1: 2, 2: 4, 3: 0, 4: 0}",0
194,False,"{'a': 0.5, 'e': 0.9938869900344416}",25,0,-140.54436930926443,"{0: 16, 1: 2, 2: 3, 3: 2, 4: 2}",0
195,False,"{'a': 0.5, 'e': 0.8192882452914593}",30,0,-165.7755528461998,"{0: 19, 1: 2, 2: 6, 3: 0, 4: 3}",0
196,False,"{'a': 0.5, 'e': 0.44409916442465225}",30,0,-22.679665050445887,"{0: 25, 1: 1, 2: 3, 3: 1, 4: 0}",0
197,False,"{'a': 0.5, 'e': 0.0398208803931389}",20,16,6.99762275815292,"{0: 4, 1: 0, 2: 0, 3: 0, 4: 0}",1
198,False,"{'a': 0.5, 'e': 0.5139913848889341}",20,2,-50.6389188865686,"{0: 12, 1: 1, 2: 4, 3: 1, 4: 0}",1
199,False,"{'a': 0.5, 'e': 0.8623188722876839}",20,0,-137.76356864099955,"{0: 11, 1: 1, 2: 5, 3: 1, 4: 2}",0
200,False,"{'a': 0.5, 'e': 0.9995206253283515}",30,0,-166.9032951841333,"{0: 16, 1: 5, 2: 6, 3: 1, 4: 2}",0
201,False,"{'a': 0.5, 'e': 0.8920048697881602}",30,0,-154.3618967525237,"{0: 18, 1: 3, 2: 6, 3: 1, 4: 2}",0
202,False,"{'a': 0.5, 'e': 0.5660952123664124}",25,0,-90.93066644989591,"{0: 19, 1: 2, 2: 2, 3: 0, 4: 2}",0
203,False,"{'a': 0.5, 'e': 0.10158570369662134}",30,13,-9.604350055993923,"{0: 16, 1: 0, 2: 0, 3: 0, 4: 1}",1
204,False,"{'a': 0.5, 'e': 0.3877955281633778}",20,16,8.630659674732941,"{0: 4, 1: 0, 2: 0, 3: 0, 4: 0}",1
205,False,"{'a': 0.5, 'e': 0.7822308898871159}",20,0,-16.76219350392451,"{0: 16, 1: 1, 2: 3, 3: 0, 4: 0}",0
206,False,"{'a': 0.5, 'e': 0.9851488485104646}",20,0,-58.084541862156186,"{0: 13, 1: 2, 2: 4, 3: 1, 4: 0}",0
207,False,"{'a': 0.5, 'e': 0.9468680107512125}",20,0,-123.5810534547692,"{0: 12, 1: 4, 2: 0, 3: 2, 4: 2}",0
208,False,"{'a': 0.5, 'e': 0.6767608607837156}",25,8,-146.25039199501882,"{0: 12, 1: 0, 2: 1, 3: 0, 4: 4}",1
209,False,"{'a': 0.5, 'e': 0.24095904923620143}",20,11,4.0870135106005065,"{0: 8, 1: 0, 2: 1, 3: 0, 4: 0}",1
210,False,"{'a': 0.5, 'e': 0.2538379413049674}",30,7,8.652287432676113,"{0: 20, 1: 1, 2: 2, 3: 0, 4: 0}",1
211,False,"{'a': 0.5, 'e': 0.6864865509069841}",20,0,-83.71909545918435,"{0: 14, 1: 0, 2: 3, 3: 2, 4: 1}",0
212,False,"{'a': 0.5, 'e': 0.9510593107915064}",30,0,-63.998973094594774,"{0: 21, 1: 2, 2: 6, 3: 1, 4: 0}",0
213,False,"{'a': 0.5, 'e': 0.9827795820412206}",20,7,-95.818869132861,"{0: 8, 1: 1, 2: 2, 3: 0, 4: 2}",1
214,False,"{'a': 0.5, 'e': 0.7738811359710619}",25,0,-139.5962579946445,"{0: 17, 1: 2, 2: 3, 3: 0, 4: 3}",0
215,False,"{'a': 0.5, 'e': 0.3755095977670121}",20,0,-29.945242737619974,"{0: 17, 1: 0, 2: 1, 3: 2, 4: 0}",0
216,False,"{'a': 0.5, 'e': 0.1147997863254662}",20,9,21.246339661776446,"{0: 11, 1: 0, 2: 0, 3: 0, 4: 0}",1
217,False,"{'a': 0.5, 'e': 0.577002178942952}",25,0,-71.5524247938394,"{0: 17, 1: 3, 2: 4, 3: 0, 4: 1}",0
218,False,"{'a': 0.5, 'e': 0.8979343145007}",20,0,-77.46245671250472,"{0: 13, 1: 1, 2: 5, 3: 0, 4: 1}",0
219,False,"{'a': 0.5, 'e': 0.999020813314648}",25,0,-136.6786291136256,"{0: 14, 1: 4, 2: 5, 3: 0, 4: 2}",0
220,False,"{'a': 0.5, 'e': 0.855512174960245}",20,12,-14.362234941898084,"{0: 6, 1: 1, 2: 0, 3: 1, 4: 0}",1
221,False,"{'a': 0.5, 'e': 0.5025443191453852}",20,2,-9.494746617676533,"{0: 15, 1: 0, 2: 3, 3: 0, 4: 0}",1
222,False,"{'a': 0.5, 'e': 0.026536087157875483}",25,11,26.037272784128817,"{0: 14, 1: 0, 2: 0, 3: 0, 4: 0}",1
223,False,"{'a': 0.5, 'e': 0.4559691044442761}",25,0,-107.1130760568578,"{0: 18, 1: 1, 2: 4, 3: 0, 4: 2}",0
224,False,"{'a': 0.5, 'e': 0.8268371568000089}",20,3,-76.14086799114325,"{0: 12, 1: 1, 2: 1, 3: 2, 4: 1}",1
225,False,"{'a': 0.5, 'e': 0.9952666362171313}",20,0,-100.795438243561,"{0: 10, 1: 4, 2: 5, 3: 0, 4: 1}",0
226,False,"{'a': 0.5, 'e': 0.9200201319508784}",20,0,-98.37351246494957,"{0: 13, 1: 3, 2: 2, 3: 0, 4: 2}",0
227,False,"{'a': 0.5, 'e': 0.6195206125592099}",25,8,-39.180667090789484,"{0: 12, 1: 0, 2: 4, 3: 1, 4: 0}",1
228,False,"{'a': 0.5, 'e': 0.16734084067633054}",20,9,3.032883801978675,"{0: 9, 1: 2, 2: 0, 3: 0, 4: 0}",1
229,False,"{'a': 0.5, 'e': 0.3258098052199642}",25,8,21.788143065022584,"{0: 16, 1: 1, 2: 0, 3: 0, 4: 0}",1
230,False,"{'a': 0.5, 'e': 0.7391908477842096}",20,0,-90.71631795900294,"{0: 14, 1: 2, 2: 2, 3: 0, 4: 2}",0
231,False,"{'a': 0.5, 'e': 0.9715921906288022}",35,16,-53.89607323939189,"{0: 14, 1: 1, 2: 3, 3: 0, 4: 1}",1
232,False,"{'a': 0.5, 'e': 0.9661138797451976}",20,0,-51.97286956020487,"{0: 13, 1: 1, 2: 6, 3: 0, 4: 0}",0
233,False,"{'a': 0.5, 'e': 0.7240971967004738}",25,0,-157.35867417417626,"{0: 18, 1: 1, 2: 2, 3: 0, 4: 4}",0
234,False,"{'a': 0.5, 'e': 0.3047962661308802}",20,11,15.571883713358176,"{0: 9, 1: 0, 2: 0, 3: 0, 4: 0}",1
235,False,"{'a': 0.5, 'e': 0.1891294205289584}",20,1,19.96066920539275,"{0: 17, 1: 2, 2: 0, 3: 0, 4: 0}",1
236,False,"{'a': 0.5, 'e': 0.6367496289241701}",25,0,-29.81600625144959,"{0: 22, 1: 0, 2: 2, 3: 0, 4: 1}",0
237,False,"{'a': 0.5, 'e': 0.9284713207390763}",20,0,-64.59603553297856,"{0: 14, 1: 2, 2: 3, 3: 0, 4: 1}",0
238,False,"{'a': 0.5, 'e': 0.9928708516677031}",20,0,-164.91761949334793,"{0: 6, 1: 3, 2: 8, 3: 2, 4: 1}",0
239,False,"{'a': 0.5, 'e': 0.8141809705265618}",20,0,-124.30676685735978,"{0: 11, 1: 2, 2: 3, 3: 3, 4: 1}",0
240,False,"{'a': 0.5, 'e': 0.4361511922464772}",25,0,-14.24071223821294,"{0: 23, 1: 1, 2: 0, 3: 0, 4: 1}",1
241,False,"{'a': 0.5, 'e': 0.04866360920015389}",20,6,24.660025724199826,"{0: 14, 1: 0, 2: 0, 3: 0, 4: 0}",1
242,False,"{'a': 0.5, 'e': 0.5215638619118831}",30,17,-4.748967539579129,"{0: 10, 1: 1, 2: 2, 3: 0, 4: 0}",1
243,False,"{'a': 0.5, 'e': 0.8667670910519801}",20,0,-163.14951740187442,"{0: 9, 1: 3, 2: 4, 3: 2, 4: 2}",0
244,False,"{'a': 0.5, 'e': 0.9997555067434422}",30,0,-219.63779358017703,"{0: 17, 1: 0, 2: 8, 3: 2, 4: 3}",0
245,False,"{'a': 0.5, 'e': 0.8879689066918555}",25,0,-47.76075676815568,"{0: 17, 1: 1, 2: 7, 3: 0, 4: 0}",0
246,False,"{'a': 0.5, 'e': 0.5587765492838215}",20,0,-23.403819682988804,"{0: 15, 1: 2, 2: 3, 3: 0, 4: 0}",0
247,False,"{'a': 0.5, 'e': 0.09277620459766088}",20,10,17.579853708572323,"{0: 10, 1: 0, 2: 0, 3: 0, 4: 0}",1
248,False,"{'a': 0.5, 'e': 0.39593899065726024}",25,5,3.55608613897002,"{0: 17, 1: 0, 2: 3, 3: 0, 4: 0}",1
249,False,"{'a': 0.5, 'e': 0.7877145121442345}",20,0,-101.58682360689994,"{0: 13, 1: 3, 2: 2, 3: 0, 4: 2}",0
250,False,"{'a': 0.5, 'e': 0.9866300485542645}",25,0,-160.7593896667768,"{0: 13, 1: 3, 2: 6, 3: 1, 4: 2}",0
251,False,"{'a': 0.5, 'e': 0.9439841391523142}",25,0,-150.82651535544233,"{0: 15, 1: 3, 2: 3, 3: 2, 4: 2}",0
252,False,"{'a': 0.5, 'e': 0.6702179898880674}",25,0,-76.62342120470952,"{0: 16, 1: 1, 2: 7, 3: 1, 4: 0}",0
253,False,"{'a': 0.5, 'e': 0.23235910202965793}",30,18,-12.490426633025855,"{0: 10, 1: 0, 2: 1, 3: 1, 4: 0}",1
254,False,"{'a': 0.5, 'e': 0.2623893978125999}",20,3,3.9212229750524026,"{0: 15, 1: 0, 2: 2, 3: 0, 4: 0}",1
255,False,"{'a': 0.5, 'e': 0.6928958219201651}",20,8,-34.52756224326076,"{0: 10, 1: 0, 2: 1, 3: 0, 4: 1}",1
256,False,"{'a': 0.5, 'e': 0.953757183235068}",35,21,-92.79727527336057,"{0: 9, 1: 1, 2: 2, 3: 0, 4: 2}",1
257,False,"{'a': 0.5, 'e': 0.9811055226493881}",25,0,-96.7387920559633,"{0: 16, 1: 3, 2: 4, 3: 1, 4: 1}",0
258,False,"{'a': 0.5, 'e': 0.7682450128678183}",25,0,-77.6092322627745,"{0: 17, 1: 5, 2: 1, 3: 1, 4: 1}",0
259,False,"{'a': 0.5, 'e': 0.3672913304546965}",25,10,-0.4660988633858476,"{0: 11, 1: 4, 2: 0, 3: 0, 4: 0}",1
260,False,"{'a': 0.5, 'e': 0.12358807938670624}",20,6,19.62044265874418,"{0: 13, 1: 1, 2: 0, 3: 0, 4: 0}",1
261,False,"{'a': 0.5, 'e': 0.5842088171092893}",20,15,7.777646584636371,"{0: 5, 1: 0, 2: 0, 3: 0, 4: 0}",1
262,False,"{'a': 0.5, 'e': 0.9017948614087224}",25,2,-129.55472104754423,"{0: 16, 1: 1, 2: 3, 3: 0, 4: 3}",1
263,False,"{'a': 0.5, 'e': 0.9985900724399912}",25,0,-103.87990453650346,"{0: 16, 1: 2, 2: 5, 3: 1, 4: 1}",0
264,False,"{'a': 0.5, 'e': 0.8508956066916382}",25,14,-66.03004128750592,"{0: 7, 1: 1, 2: 1, 3: 1, 4: 1}",1
265,False,"{'a': 0.5, 'e': 0.4948722204034305}",20,0,-91.10075326853895,"{0: 13, 1: 2, 2: 2, 3: 2, 4: 1}",0
266,False,"{'a': 0.5, 'e': 0.01768685528840119}",20,10,18.035401998254564,"{0: 10, 1: 0, 2: 0, 3: 0, 4: 0}",1
267,False,"{'a': 0.5, 'e': 0.4638288688518717}",20,11,7.493427017317336,"{0: 8, 1: 1, 2: 0, 3: 0, 4: 0}",1
268,False,"{'a': 0.5, 'e': 0.8317831092998796}",30,0,-14.003426322234004,"{0: 25, 1: 2, 2: 2, 3: 1, 4: 0}",0
269,False,"{'a': 0.5, 'e': 0.9960878351411849}",20,0,-210.5025081986351,"{0: 9, 1: 2, 2: 5, 3: 0, 4: 4}",0
270,False,"{'a': 0.5, 'e': 0.916515519162193}",35,0,-164.1689489635091,"{0: 20, 1: 5, 2: 6, 3: 3, 4: 1}",0
271,False,"{'a': 0.5, 'e': 0.6125482394960996}",30,0,-34.86322628202863,"{0: 23, 1: 1, 2: 6, 3: 0, 4: 0}",0
272,False,"{'a': 0.5, 'e': 0.15860778743465642}",20,4,-49.202223965013474,"{0: 12, 1: 0, 2: 3, 3: 0, 4: 1}",1
273,False,"{'a': 0.5, 'e': 0.33416538263076073}",25,17,4.859689054918366,"{0: 7, 1: 0, 2: 1, 3: 0, 4: 0}",1
274,False,"{'a': 0.5, 'e': 0.7451232126030157}",20,8,-48.78540960187224,"{0: 9, 1: 0, 2: 2, 3: 0, 4: 1}",1
275,False,"{'a': 0.5, 'e': 0.9736488930495181}",25,0,-18.610300009821966,"{0: 19, 1: 4, 2: 2, 3: 0, 4: 0}",0
276,False,"{'a': 0.5, 'e': 0.9637913672852274}",20,0,-77.19420532726564,"{0: 13, 1: 1, 2: 5, 3: 0, 4: 1}",0
277,False,"{'a': 0.5, 'e': 0.717964101410472}",30,0,-89.06835508498591,"{0: 23, 1: 0, 2: 4, 3: 2, 4: 1}",0
278,False,"{'a': 0.5, 'e': 0.2963541836370153}",20,15,3.5595317287638144,"{0: 4, 1: 1, 2: 0, 3: 0, 4: 0}",1
279,False,"{'a': 0.5, 'e': 0.19781357400426822}",20,5,14.274308047638396,"{0: 14, 1: 0, 2: 1, 3: 0, 4: 0}",1
280,False,"{'a': 0.5, 'e': 0.6435496697397284}",20,15,4.083231889434048,"{0: 4, 1: 1, 2: 0, 3: 0, 4: 0}",1
281,False,"{'a': 0.5, 'e': 0.9317223617435201}",20,0,-124.53584736680489,"{0: 12, 1: 2, 2: 1, 3: 4, 4: 1}",0
282,False,"{'a': 0.5, 'e': 0.9917769246391254}",20,0,-73.6250199374956,"{0: 13, 1: 3, 2: 3, 3: 0, 4: 1}",0
283,False,"{'a': 0.5, 'e': 0.8090099069535975}",20,0,-69.56458090087008,"{0: 15, 1: 1, 2: 1, 3: 2, 4: 1}",0
284,False,"{'a': 0.5, 'e': 0.428169048838935}",25,11,-0.29533405730667117,"{0: 12, 1: 0, 2: 2, 3: 0, 4: 0}",1
285,False,"{'a': 0.5, 'e': 0.05750252534912421}",25,7,17.112441756435143,"{0: 17, 1: 0, 2: 1, 3: 0, 4: 0}",1
286,False,"{'a': 0.5, 'e': 0.529095475861036}",25,11,1.182697332400604,"{0: 11, 1: 2, 2: 1, 3: 0, 4: 0}",1
287,False,"{'a': 0.5, 'e': 0.8711474010323434}",20,0,-129.76301045492878,"{0: 14, 1: 1, 2: 2, 3: 0, 4: 3}",0
288,False,"{'a': 0.5, 'e': 0.9999120601031718}",30,0,-183.01504267015798,"{0: 16, 1: 2, 2: 9, 3: 1, 4: 2}",0
289,False,"{'a': 0.5, 'e': 0.8838633737085002}",20,0,-61.726685461526635,"{0: 14, 1: 2, 2: 3, 3: 0, 4: 1}",0
290,False,"{'a': 0.5, 'e': 0.5514141076171752}",25,6,-44.91846461706044,"{0: 14, 1: 2, 2: 2, 3: 0, 4: 1}",1
291,False,"{'a': 0.5, 'e': 0.08395943674184847}",25,2,27.401065248965825,"{0: 22, 1: 1, 2: 0, 3: 0, 4: 0}",1
292,False,"{'a': 0.5, 'e': 0.40405143243560715}",20,8,4.611048336990242,"{0: 11, 1: 0, 2: 1, 3: 0, 4: 0}",1
293,False,"{'a': 0.5, 'e': 0.7931364191664784}",25,0,-43.59515352280883,"{0: 20, 1: 3, 2: 1, 3: 0, 4: 1}",0
294,False,"{'a': 0.5, 'e': 0.988033948885742}",20,0,-103.76395641287915,"{0: 13, 1: 3, 2: 2, 3: 0, 4: 2}",0
295,False,"{'a': 0.5, 'e': 0.9410263090291437}",30,0,-123.80824258734006,"{0: 19, 1: 5, 2: 2, 3: 3, 4: 1}",0
296,False,"{'a': 0.5, 'e': 0.6636226092823331}",20,0,-205.78375879987382,"{0: 10, 1: 1, 2: 5, 3: 0, 4: 4}",0
297,False,"{'a': 0.5, 'e': 0.22374095013558368}",20,7,11.629010455655578,"{0: 12, 1: 0, 2: 1, 3: 0, 4: 0}",1
298,False,"{'a': 0.5, 'e': 0.2709202968427898}",20,12,-30.664667344854394,"{0: 7, 1: 0, 2: 0, 3: 0, 4: 1}",1
299,False,"{'a': 0.5, 'e': 0.6992508064783751}",20,0,-8.252955231796115,"{0: 16, 1: 2, 2: 2, 3: 0, 4: 0}",0
300,False,"{'a': 0.5, 'e': 0.9563803314636136}",20,12,-8.42805323614896,"{0: 6, 1: 0, 2: 2, 3: 0, 4: 0}",1
301,False,"{'a': 0.5, 'e': 0.9793545963764285}",30,14,-84.18360488669319,"{0: 8, 1: 5, 2: 1, 3: 1, 4: 1}",1
302,False,"{'a': 0.5, 'e': 0.7625486999106625}",20,0,-88.36342046313902,"{0: 13, 1: 1, 2: 4, 3: 1, 4: 1}",0
303,False,"{'a': 0.5, 'e': 0.35904428689111606}",30,0,-32.471654227379375,"{0: 25, 1: 2, 2: 2, 3: 0, 4: 1}",0
304,False,"{'a': 0.5, 'e': 0.13236668966664739}",20,0,19.87770963829952,"{0: 19, 1: 1, 2: 0, 3: 0, 4: 0}",0
305,False,"{'a': 0.5, 'e': 0.5913696841443247}",20,4,-59.53410042385885,"{0: 13, 1: 1, 2: 0, 3: 0, 4: 2}",1
306,False,"{'a': 0.5, 'e': 0.9055847552047066}",20,0,-81.9435106056435,"{0: 12, 1: 3, 2: 4, 3: 0, 4: 1}",0
307,False,"{'a': 0.5, 'e': 0.9980810948185003}",35,0,-273.36182022643646,"{0: 18, 1: 3, 2: 8, 3: 2, 4: 4}",0
308,False,"{'a': 0.5, 'e': 0.8462123731256282}",20,4,-92.22468394865622,"{0: 9, 1: 1, 2: 4, 3: 1, 4: 1}",1
309,False,"{'a': 0.5, 'e': 0.48716134980334147}",25,0,-125.09770667901311,"{0: 17, 1: 2, 2: 2, 3: 2, 4: 2}",0
310,False,"{'a': 0.5, 'e': 0.008836237703148543}",20,0,34.45026145995008,"{0: 20, 1: 0, 2: 0, 3: 0, 4: 0}",0
311,False,"{'a': 0.5, 'e': 0.47165229356133864}",20,4,13.736173183257245,"{0: 14, 1: 2, 2: 0, 3: 0, 4: 0}",1
312,False,"{'a': 0.5, 'e': 0.836663893913208}",20,0,-177.62118161805066,"{0: 13, 1: 0, 2: 3, 3: 0, 4: 4}",0
313,False,"{'a': 0.5, 'e': 0.9968309933617175}",20,0,-131.73918868424528,"{0: 12, 1: 1, 2: 4, 3: 1, 4: 2}",0
314,False,"{'a': 0.5, 'e': 0.9129390999389944}",25,0,-63.737181495129626,"{0: 14, 1: 5, 2: 6, 3: 0, 4: 0}",0
315,False,"{'a': 0.5, 'e': 0.6055278749869898}",25,0,-27.213172150823084,"{0: 19, 1: 2, 2: 4, 3: 0, 4: 0}",0
316,False,"{'a': 0.5, 'e': 0.1498623077152374}",20,0,18.519533040100068,"{0: 19, 1: 0, 2: 1, 3: 0, 4: 0}",1
317,False,"{'a': 0.5, 'e': 0.34249477911590703}",25,0,-44.01375951487366,"{0: 23, 1: 0, 2: 0, 3: 0, 4: 2}",0
318,False,"{'a': 0.5, 'e': 0.7509971990964674}",20,0,-34.276210166873796,"{0: 16, 1: 0, 2: 2, 3: 2, 4: 0}",0
319,False,"{'a': 0.5, 'e': 0.9756293127952373}",25,5,-12.612286798123177,"{0: 17, 1: 1, 2: 1, 3: 1, 4: 0}",1
320,False,"{'a': 0.5, 'e': 0.9613933444599089}",20,0,-98.74297479430466,"{0: 13, 1: 0, 2: 5, 3: 1, 4: 1}",0
321,False,"{'a': 0.5, 'e': 0.7117747556357236}",20,0,-99.49702750914537,"{0: 13, 1: 2, 2: 1, 3: 3, 4: 1}",0
322,False,"{'a': 0.5, 'e': 0.2878888826194756}",25,0,28.33749327419657,"{0: 24, 1: 0, 2: 1, 3: 0, 4: 0}",0
323,False,"{'a': 0.5, 'e': 0.2064822293378111}",20,0,-41.8009742564077,"{0: 16, 1: 1, 2: 2, 3: 0, 4: 1}",0
324,False,"{'a': 0.5, 'e': 0.6502992902336991}",35,20,-47.158577685233006,"{0: 11, 1: 0, 2: 3, 3: 0, 4: 1}",1
325,False,"{'a': 0.5, 'e': 0.9349004048997503}",20,0,-64.38807382880802,"{0: 12, 1: 3, 2: 4, 3: 1, 4: 0}",0
326,False,"{'a': 0.5, 'e': 0.9906052946548402}",25,0,-68.79595293104249,"{0: 19, 1: 0, 2: 5, 3: 0, 4: 1}",0
327,False,"{'a': 0.5, 'e': 0.803775459710974}",25,0,-25.765637893906636,"{0: 22, 1: 0, 2: 2, 3: 0, 4: 1}",0
328,False,"{'a': 0.5, 'e': 0.4201533595806971}",25,3,-41.543621007829614,"{0: 17, 1: 0, 2: 3, 3: 2, 4: 0}",1
329,False,"{'a': 0.5, 'e': 0.06633693633562374}",25,6,22.574355008243746,"{0: 18, 1: 0, 2: 1, 3: 0, 4: 0}",1
330,False,"{'a': 0.5, 'e': 0.5365856366554476}",20,0,-43.57913901282774,"{0: 14, 1: 1, 2: 4, 3: 1, 4: 0}",1
331,False,"{'a': 0.5, 'e': 0.875459459043705}",20,0,-123.48127729320525,"{0: 12, 1: 1, 2: 5, 3: 0, 4: 2}",0
332,False,"{'a': 0.5, 'e': 0.9999902731420214}",30,0,-203.3244001589862,"{0: 16, 1: 1, 2: 8, 3: 3, 4: 2}",0
333,False,"{'a': 0.5, 'e': 0.8796885924951523}",20,0,-91.95512320548595,"{0: 12, 1: 3, 2: 3, 3: 1, 4: 1}",0
334,False,"{'a': 0.5, 'e': 0.5440084641932424}",30,13,-60.95274230251541,"{0: 13, 1: 0, 2: 2, 3: 1, 4: 1}",1
335,False,"{'a': 0.5, 'e': 0.07513609089835323}",20,6,10.5464232582346,"{0: 13, 1: 0, 2: 1, 3: 0, 4: 0}",1
336,False,"{'a': 0.5, 'e': 0.41213221791123295}",20,10,16.987278443479656,"{0: 10, 1: 0, 2: 0, 3: 0, 4: 0}",1
337,False,"{'a': 0.5, 'e': 0.7984961861625556}",20,0,-42.45090992441685,"{0: 16, 1: 1, 2: 2, 3: 0, 4: 1}",0
338,False,"{'a': 0.5, 'e': 0.989360439513222}",20,0,-120.09520054808117,"{0: 12, 1: 1, 2: 5, 3: 0, 4: 2}",0
339,False,"{'a': 0.5, 'e': 0.9379947521194415}",20,0,-127.59155257506369,"{0: 13, 1: 1, 2: 2, 3: 2, 4: 2}",0
340,False,"{'a': 0.5, 'e': 0.6569752356961871}",20,5,-48.29333820716577,"{0: 12, 1: 0, 2: 1, 3: 1, 4: 1}",1
341,False,"{'a': 0.5, 'e': 0.21510526876214117}",25,0,-12.426891531010384,"{0: 23, 1: 0, 2: 1, 3: 0, 4: 1}",0
342,False,"{'a': 0.5, 'e': 0.2794299700233931}",35,18,32.05706782164351,"{0: 17, 1: 0, 2: 0, 3: 0, 4: 0}",1
343,False,"{'a': 0.5, 'e': 0.7055510066862999}",20,0,-42.587410653197935,"{0: 16, 1: 2, 2: 1, 3: 0, 4: 1}",0
344,False,"{'a': 0.5, 'e': 0.958928549960796}",30,0,-90.0707106159167,"{0: 24, 1: 0, 2: 3, 3: 2, 4: 1}",0
345,False,"{'a': 0.5, 'e': 0.9775269404025313}",25,0,-155.24673526699206,"{0: 13, 1: 2, 2: 6, 3: 3, 4: 1}",0
346,False,"{'a': 0.5, 'e': 0.7567926433898263}",20,0,-78.74018260007404,"{0: 13, 1: 3, 2: 2, 3: 1, 4: 1}",0
347,False,"{'a': 0.5, 'e': 0.3507691132091307}",20,0,-3.766312096579467,"{0: 17, 1: 0, 2: 3, 3: 0, 4: 0}",0
348,False,"{'a': 0.5, 'e': 0.14113492938566014}",25,17,-28.318471783974807,"{0: 7, 1: 0, 2: 0, 3: 0, 4: 1}",1
349,False,"{'a': 0.5, 'e': 0.5984842190140996}",25,0,-111.1447229124752,"{0: 16, 1: 3, 2: 4, 3: 0, 4: 2}",0
350,False,"{'a': 0.5, 'e': 0.9093036989610448}",20,0,-124.28234334277379,"{0: 10, 1: 1, 2: 7, 3: 1, 4: 1}",0
351,False,"{'a': 0.5, 'e': 0.9974939203271522}",20,0,-104.91103426542927,"{0: 10, 1: 3, 2: 6, 3: 0, 4: 1}",0
352,False,"{'a': 0.5, 'e': 0.8414628411805024}",25,13,-28.274453689402964,"{0: 10, 1: 1, 2: 0, 3: 0, 4: 1}",1
353,False,"{'a': 0.5, 'e': 0.47941231147032193}",25,0,-31.966531754589823,"{0: 23, 1: 0, 2: 0, 3: 1, 4: 1}",0
354,False,"{'a': 0.5, 'e': 1.50721766814562e-05}",20,3,29.158058206422975,"{0: 17, 1: 0, 2: 0, 3: 0, 4: 0}",1
1,True,"{'a': 0.0, 'e': 0.0}",30,16,30.16549992222839,"{0: 14, 1: 0, 2: 0, 3: 0, 4: 0}",1
2,True,"{'a': 0.0, 'e': 0.0}",20,14,10.574636997127703,"{0: 6, 1: 0, 2: 0, 3: 0, 4: 0}",1
3,True,"{'a': 0.0, 'e': 0.0}",30,19,18.5816758387599,"{0: 11, 1: 0, 2: 0, 3: 0, 4: 0}",1
4,True,"{'a': 0.0, 'e': 0.0}",25,17,14.94746843470891,"{0: 8, 1: 0, 2: 0, 3: 0, 4: 0}",1
5,True,"{'a': 0.0, 'e': 0.0}",20,9,20.696672920448318,"{0: 11, 1: 0, 2: 0, 3: 0, 4: 0}",1
6,True,"{'a': 0.0, 'e': 0.0}",25,14,21.83059734122126,"{0: 11, 1: 0, 2: 0, 3: 0, 4: 0}",1
7,True,"{'a': 0.0, 'e': 0.0}",25,5,37.79128786839528,"{0: 20, 1: 0, 2: 0, 3: 0, 4: 0}",1
8,True,"{'a': 0.0, 'e': 0.0}",20,12,17.10466500444463,"{0: 8, 1: 0, 2: 0, 3: 0, 4: 0}",1
9,True,"{'a': 0.0, 'e': 0.0}",20,11,14.380655788291827,"{0: 9, 1: 0, 2: 0, 3: 0, 4: 0}",1
10,True,"{'a': 0.0, 'e': 0.0}",20,10,17.83740928633102,"{0: 10, 1: 0, 2: 0, 3: 0, 4: 0}",1
